{
  "command_help_description": "Zeigt eine Liste aller verfügbaren Befehle an",
  "help_title": "📚 Hilfe & Befehle",
  "help_description": "Hier sind alle verfügbaren Befehle aufgelistet:",
  "help_no_description": "Keine Beschreibung verfügbar",
  "command_products_description": "Zeigt eine Liste deiner Produkte an",
  "command_create_product_description": "Erstellt ein neues Produkt",
  "command_create_key_description": "Erstellt einen neuen Schlüssel",
  "command_redeem_key_description": "Löst einen Schlüssel ein",
  "command_redeem_key_field_key": "XXXX-XXXX-XXXX-XXXX",
  "account_none": "Du hast kein Konto in unserer Datenbank. Bitte melde dich in unserem Panel an.",
  "account_not_permitted": "Du bist nicht berechtigt, diesen Befehl zu verwenden.",
  "product_none": "Du besitzt keine Produkte.",
  "product_select": "Du besitzt derzeit **{0}** Produkt/e.\n🗂️ Wähle eines der unten aufgeführten Produkte aus, um es zu verwalten.",
  "product_select_placeholder": "Wähle ein Produkt aus",
  "product_select_description": "Preis: {0}€\nIPs: {1}",
  "product_select_emoji_active": "✅",
  "product_select_emoji_expired": "❌",
  "product_manage_invalid": "Dieses Produkt ist ungültig.",
  "product_manage_title": "Verwalten von {0}",
  "product_manage_field_ip": "IP",
  "product_manage_field_dev_ip": "Dev-IP",
  "product_manage_success": "Dein Produkt wurde erfolgreich aktualisiert.",
  "product_create_exists": "Ein Produkt mit diesem Namen existiert bereits.",
  "product_create_success": "Das Produkt **{0}** wurde erfolgreich erstellt.",
  "product_create_title": "Ein neues Produkt erstellen",
  "product_create_field_name": "Name",
  "product_create_field_price": "Preis",
  "product_key_no_products": "Es sind keine Produkte verfügbar.",
  "product_key_field_amount": "Menge",
  "product_key_field_expiry": "Ablauf (in Tagen)",
  "product_key_select": "Wähle ein Produkt aus, um einen Schlüssel zu generieren.",
  "product_key_select_placeholder": "Wähle ein Produkt aus",
  "product_key_create_success": "Produktschlüssel wurden erfolgreich erstellt. Mit einer Laufzeit von **{0}** Tag/en.\n{1}",
  "product_key_redeem_invalid": "Dieser Schlüssel ist ungültig.",
  "product_key_redeem_success": "Der Schlüssel wurde erfolgreich für **{1}** eingelöst.\nDein Produkt läuft in **{2}** Tag/en ab."
}