{
  "command_products_description": "Get a list of your products",
  "command_create_product_description": "Create a product",
  "command_create_key_description": "Create a key",
  "command_redeem_key_description": "Redeem a key",
  "command_redeem_key_field_key": "XXXX-XXXX-XXXX-XXXX",
  "account_none": "You don't have an account in our database. Please login into our panel.",
  "account_not_permitted": "You are not permitted to use this command.",
  "product_none": "You don't own any products.",
  "product_select": "You are currently owning **{0}** product/s.\n🗂️ Select one of the products below to manage it.",
  "product_select_placeholder": "Select a product",
  "product_select_description": "Price: {0}€\nIPs: {1}",
  "product_select_emoji_active": "✅",
  "product_select_emoji_expired": "❌",
  "product_manage_invalid": "This product is invalid.",
  "product_manage_title": "Manage {0}",
  "product_manage_field_ip": "IP",
  "product_manage_field_dev_ip": "IP",
  "product_manage_success": "Successfully updated your product.",
  "product_create_exists": "A product with this name already exists.",
  "product_create_success": "Successfully created the product **{0}**.",
  "product_create_title": "Create a new product",
  "product_create_field_name": "Name",
  "product_create_field_price": "Price",
  "product_key_no_products": "There are no products available.",
  "product_key_field_amount": "Amount",
  "product_key_field_expiry": "Expiry (in days)",
  "product_key_select": "Select a product to generate a key.",
  "product_key_select_placeholder": "Select a product",
  "product_key_create_success": "Successfully created product keys with a duration of **{0}** day/s.\n{1}",
  "product_key_redeem_invalid": "This key is invalid.",
  "product_key_redeem_success": "Successfully redeemed the key for **{1}**. Your product will expire in **{2}** day/s.",
  "command_help_description": "Shows a list of all available commands",
  "help_title": "📚 Help & Commands",
  "help_description": "Here are all available commands:",
  "help_no_description": "No description available"
}